{
  "version": 1,
  "author": "Guilherme Santos",
  "editor": "wokwi",
  "parts": [
    { "type": "wokwi-esp32-devkit-v1", "id": "esp", "top": -52.9, "left": 503.8, "attrs": {} },
    {
      "type": "wokwi-dht22",
      "id": "dht1",
      "top": -153.3,
      "left": 522.6,
      "attrs": { "temperature": "10.8", "humidity": "31" }
    },
    {
      "type": "wokwi-photoresistor-sensor",
      "id": "ldr1",
      "top": -6.4,
      "left": 240.8,
      "attrs": {}
    },
    {
      "type": "wokwi-resistor",
      "id": "r1",
      "top": 80.75,
      "left": 489.6,
      "attrs": { "value": "10000" }
    },
    {
      "type": "wokwi-rgb-led",
      "id": "rgb1",
      "top": -322.4,
      "left": 337.1,
      "attrs": { "common": "cathode" }
    },
    {
      "type": "wokwi-resistor",
      "id": "r2",
      "top": -172.8,
      "left": 326.4,
      "attrs": { "value": "220" }
    },
    {
      "type": "wokwi-resistor",
      "id": "r3",
      "top": -153.6,
      "left": 326.4,
      "attrs": { "value": "220" }
    },
    {
      "type": "wokwi-resistor",
      "id": "r4",
      "top": -134.4,
      "left": 326.4,
      "attrs": { "value": "220" }
    },
    {
      "type": "wokwi-buzzer",
      "id": "bz1",
      "top": -16.8,
      "left": -190.2,
      "attrs": { "volume": "0.8" }
    },
    {
      "type": "wokwi-lcd1602",
      "id": "lcd1",
      "top": -32,
      "left": 629.6,
      "attrs": { "pins": "i2c" }
    }
  ],
  "connections": [
    [ "esp:TX0", "$serialMonitor:RX", "", [] ],
    [ "esp:RX0", "$serialMonitor:TX", "", [] ],
    [ "dht1:VCC", "esp:3V3", "red", [ "h0" ] ],
    [ "dht1:GND", "esp:GND.1", "black", [ "h0" ] ],
    [ "dht1:SDA", "esp:D4", "green", [ "h0" ] ],
    [ "ldr1:VCC", "esp:3V3", "red", [ "h0" ] ],
    [ "ldr1:AO", "esp:D34", "orange", [ "h0" ] ],
    [ "r1:2", "esp:GND.2", "black", [ "h0" ] ],
    [ "rgb1:COM", "esp:GND.1", "black", [ "h0" ] ],
    [ "rgb1:R", "r2:1", "red", [ "h0" ] ],
    [ "rgb1:G", "r3:1", "green", [ "h0" ] ],
    [ "rgb1:B", "r4:1", "blue", [ "h0" ] ],
    [ "r2:2", "esp:D25", "red", [ "h0" ] ],
    [ "r3:2", "esp:D26", "green", [ "h0" ] ],
    [ "r4:2", "esp:D27", "blue", [ "h0" ] ],
    [ "bz1:1", "esp:D13", "magenta", [ "h0" ] ],
    [ "bz1:2", "esp:GND.2", "black", [ "h0" ] ],
    [ "lcd1:GND", "esp:GND.1", "black", [ "h0" ] ],
    [ "lcd1:VCC", "esp:VIN", "red", [ "h0" ] ],
    [ "lcd1:SDA", "esp:D21", "blue", [ "h0" ] ],
    [ "lcd1:SCL", "esp:D22", "yellow", [ "h0" ] ]
  ],
  "dependencies": {}
}